<application>
  <component name="FindSettings">
    <option name="customScope" value="All Places" />
    <option name="defaultScopeName" value="All Places" />
    <option name="localRegularExpressions" value="true" />
    <option name="LOCAL_REGULAR_EXPRESSIONS" value="true" />
    <option name="SEARCH_SCOPE" value="All Places" />
    <option name="FILE_MASK" value="*spec.rb" />
    <mask>*.css</mask>
    <mask>*.html</mask>
    <mask>*.xml</mask>
    <mask>*.ru</mask>
    <mask>*.gemspec</mask>
    <mask>*.jbuilder</mask>
    <mask>*.thor</mask>
    <mask>*.rake</mask>
    <mask>*.rbw</mask>
    <mask>*.rbi</mask>
    <mask>!(*.chunk.js)</mask>
    <mask>(</mask>
    <mask>*.scss</mask>
    <mask>*.ts</mask>
    <mask>*.yml</mask>
    <mask>*.jsx</mask>
    <mask>*.slim</mask>
    <mask>*_spec.rb</mask>
    <mask>*.haml</mask>
    <mask>*.rb</mask>
    <mask>*spec.rb</mask>
  </component>
</application>