<application>
  <component name="LineMarkerSettings">
    <option name="providers">
      <map>
        <entry key="RenderedDoc" value="true" />
        <entry key="com.intellij.execution.lineMarker.RunLineMarkerProvider" value="true" />
        <entry key="com.intellij.httpClient.http.request.codeInsight.HttpRequestDiffLineMarkerProvider" value="true" />
        <entry key="com.intellij.javascript.debugger.rails.actionCable.ActionCableClientLineMarkerProvider" value="true" />
        <entry key="com.intellij.javascript.debugger.rails.actionCable.ActionCableLineMarkerProvider" value="true" />
        <entry key="com.intellij.lang.javascript.highlighting.JSRecursiveCallLineMarkerProvider" value="true" />
        <entry key="com.intellij.lang.javascript.highlighting.TypeScriptSourceMappingLineMarkerProvider" value="true" />
        <entry key="com.intellij.lang.ruby.rbs.codeInsight.daemon.RbsOverloadedDeclarationsLineMarkerProvider" value="true" />
        <entry key="com.intellij.lang.ruby.rbs.codeInsight.daemon.RbsPartialDeclarationsLineMarkerProvider" value="true" />
        <entry key="com.intellij.sql.editor.SqlRecursiveCallLineMakerProvider" value="true" />
        <entry key="com.intellij.ui.ColorLineMarkerProvider" value="true" />
        <entry key="js.implemented" value="true" />
        <entry key="js.implementing" value="true" />
        <entry key="js.overridden" value="true" />
        <entry key="js.overriding" value="true" />
        <entry key="org.editorconfig.configmanagement.editor.EditorConfigPreviewMarkerProvider" value="true" />
        <entry key="org.intellij.plugins.markdown.editor.images.ConfigureHtmlImageLineMarkerProvider" value="true" />
        <entry key="org.intellij.plugins.markdown.editor.images.ConfigureMarkdownImageLineMarkerProvider" value="true" />
        <entry key="org.intellij.plugins.markdown.editor.images.ConfigureTextHtmlImageLineMarkerProvider" value="true" />
        <entry key="org.intellij.plugins.markdown.extensions.common.plantuml.PlantUMLCodeFenceDownloadLineMarkerProvider" value="true" />
        <entry key="org.intellij.plugins.markdown.extensions.jcef.mermaid.MermaidCodeFenceDownloadLineMarkerProvider" value="true" />
        <entry key="org.jetbrains.plugins.ruby.cucumber.codeinsight.CucumberLineMarkerProvider" value="true" />
        <entry key="org.jetbrains.plugins.ruby.factoryBot.codeInsight.daemon.RubyFactoryBotImplicitReferencesLineMarkerProvider" value="true" />
        <entry key="org.jetbrains.plugins.ruby.factoryBot.codeInsight.daemon.RubyFactoryBotPartialDeclarationsLineMarkerProvider" value="true" />
        <entry key="org.jetbrains.plugins.ruby.rails.codeInsight.daemon.RailsRubyLineMarkerProvider" value="true" />
        <entry key="org.jetbrains.plugins.ruby.rails.codeInsight.daemon.RailsViewLineMarkerProvider" value="true" />
        <entry key="org.jetbrains.plugins.ruby.ruby.codeInsight.lineMarkers.RubyPartialDeclarationsLineMarkerProvider" value="true" />
      </map>
    </option>
  </component>
</application>