<application>
  <component name="LafManager">
    <laf themeId="DARKER" />
    <lafs-to-previous-schemes>
      <laf-to-scheme laf="ADAPTIVE" scheme="_@user_Railscasts" />
      <laf-to-scheme laf="CUSTOM" scheme="_@user_Material Oceanic" />
      <laf-to-scheme laf="DARKER" scheme="Railscasts RBR" />
      <laf-to-scheme laf="ExperimentalDark" scheme="Railscasts RBR" />
      <laf-to-scheme laf="GITHUB_DARK" scheme="Railscasts RBR" />
    </lafs-to-previous-schemes>
  </component>
</application>