<application>
  <component name="MaterialThemeNewConfig">
    <option name="accentState">
      <MTAccentConfigState>
        <option name="accentColorHex" value="ff9800" />
      </MTAccentConfigState>
    </option>
    <option name="compactState">
      <MTCompactConfigState>
        <option name="compactTables" value="true" />
      </MTCompactConfigState>
    </option>
    <option name="contrastState">
      <MTContrastConfigState>
        <option name="highContrast" value="true" />
        <option name="highContrastValue" value="4" />
      </MTContrastConfigState>
    </option>
    <option name="customThemeState">
      <MTCustomThemeConfigState>
        <option name="colorScheme" value="_@user_Material Oceanic" />
      </MTCustomThemeConfigState>
    </option>
    <option name="featuresState">
      <MTFeaturesConfigState>
        <option name="useMaterialWallpapers" value="true" />
      </MTFeaturesConfigState>
    </option>
    <option name="lightCustomThemeState">
      <MTLightCustomThemeConfigState>
        <option name="colorScheme" value="_@user_Material Oceanic" />
      </MTLightCustomThemeConfigState>
    </option>
    <option name="metadata">
      <MTMetadataState>
        <option name="pristineConfig" value="false" />
        <option name="userId" value="-689c8eb8:18ef7710f41:-8000" />
        <option name="version" value="9.8.0" />
      </MTMetadataState>
    </option>
    <option name="projectTreeState">
      <MTProjectTreeConfigState>
        <option name="indicatorStyle" value="Dot" />
      </MTProjectTreeConfigState>
    </option>
    <option name="tabsState">
      <MTTabsConfigState>
        <option name="highlightColorEnabled" value="true" />
        <option name="tabHighlightPosition" value="Top-Bottom" />
        <option name="tabHighlightPositionName" value="TOP_BOTTOM" />
        <option name="tabsShadow" value="false" />
      </MTTabsConfigState>
    </option>
    <option name="themeState">
      <MTThemeConfigState>
        <option name="selectedThemeName" value="DARKER" />
      </MTThemeConfigState>
    </option>
    <option name="titleBarState">
      <MTTitleBarConfigState>
        <option name="useColoredTitleBar" value="false" />
        <option name="useProjectIcon" value="false" />
        <option name="useProjectTitle" value="false" />
      </MTTitleBarConfigState>
    </option>
  </component>
</application>