<application>
  <component name="NodeJsLocalInterpreterManager">
    <local-interpreter path="/usr/local/bin/node">
      <version-cache version="22.6.0" last-modified="1723249163175" />
    </local-interpreter>
    <local-interpreter path="/usr/local/Cellar/node/17.3.0/bin/node" />
    <local-interpreter path="$USER_HOME$/.nvm/versions/node/v14.11.0/bin/node" />
    <local-interpreter path="$USER_HOME$/.nvm/versions/node/v12.20.2/bin/node" />
    <local-interpreter path="$USER_HOME$/.nvm/versions/node/v12.18.0/bin/node">
      <version-cache version="12.18.0" last-modified="1591113353000" />
    </local-interpreter>
    <local-interpreter path="$USER_HOME$/.nvm/versions/node/v12.16.3/bin/node">
      <version-cache version="12.16.3" last-modified="1588067586000" />
    </local-interpreter>
    <local-interpreter path="$USER_HOME$/.nvm/versions/node/v12.6.0/bin/node" />
    <local-interpreter path="$USER_HOME$/.nvm/versions/node/v12.1.0/bin/node" />
    <local-interpreter path="$USER_HOME$/.nvm/versions/node/v10.16.3/bin/node">
      <version-cache version="10.16.3" last-modified="1565897427000" />
    </local-interpreter>
    <local-interpreter path="$USER_HOME$/.nvm/versions/node/v10.4.1/bin/node" />
  </component>
</application>