<application>
  <component name="ProjectManager">
    <defaultProject>
      <component name="ProjectInspectionProfilesVisibleTreeState">
        <entry key="Project Default">
          <profile-state>
            <expanded-state>
              <State />
              <State>
                <id>RegExp</id>
              </State>
            </expanded-state>
            <selected-state>
              <State>
                <id>Angular</id>
              </State>
            </selected-state>
          </profile-state>
        </entry>
      </component>
      <component name="ProjectViewState">
        <option name="hideEmptyMiddlePackages" value="true" />
        <option name="showLibraryContents" value="true" />
      </component>
      <component name="PropertiesComponent"><![CDATA[{
  "keyToString": {
    "settings.editor.selected.configurable": "reference.settings.ide.settings.notifications"
  }
}]]></component>
      <component name="WindowStateProjectService">
        <state x="1111" y="563" key="SettingsEditor" timestamp="1680908209362">
          <screen x="0" y="25" width="3200" height="1775" />
        </state>
        <state x="1111" y="563" key="SettingsEditor/0.25.3200.1775" timestamp="1680908209362" />
      </component>
    </defaultProject>
  </component>
</application>