<application>
  <component name="Trusted.Paths">
    <option name="TRUSTED_PROJECT_PATHS">
      <map>
        <entry key="$USER_HOME$" value="true" />
        <entry key="$USER_HOME$/.myconfigurations" value="true" />
        <entry key="$USER_HOME$/Career/Goldbelly/code/api" value="true" />
        <entry key="$USER_HOME$/Career/Goldbelly/code/api-two" value="true" />
        <entry key="$USER_HOME$/Career/Goldbelly/code/gbx" value="true" />
        <entry key="$USER_HOME$/Career/Goldbelly/code/locust" value="true" />
        <entry key="$USER_HOME$/Career/Goldbelly/code/rhino" value="true" />
        <entry key="$USER_HOME$/Career/Goldbelly/code/uss-goldbely" value="true" />
        <entry key="$USER_HOME$/Career/Goldbelly/code/uss-goldbely-branch" value="true" />
        <entry key="$USER_HOME$/Career/Goldbelly/code/uss-goldbely-branch-1" value="true" />
        <entry key="$USER_HOME$/Career/Goldbelly/code/uss-goldbely-branch-2" value="true" />
        <entry key="$USER_HOME$/Career/Goldbelly/code/uss-goldbely-branch-3" value="true" />
        <entry key="$USER_HOME$/Career/Goldbelly/code/uss-goldbely-branch-4" value="true" />
        <entry key="$USER_HOME$/Career/Goldbelly/code/uss-goldbely-branch-three" value="true" />
        <entry key="$USER_HOME$/Career/Goldbelly/code/uss-goldbely-branch-two" value="true" />
        <entry key="$USER_HOME$/Career/Goldbelly/code/uss-goldbely-two" value="true" />
        <entry key="$USER_HOME$/Career/Goldbelly/code/uss-goldbely-two-three" value="true" />
        <entry key="$USER_HOME$/Career/Goldbely/code/uss-goldbely" value="true" />
        <entry key="$USER_HOME$/Career/Goldbely/code/uss-goldbely-branch" value="true" />
        <entry key="$USER_HOME$/Career/RobotsBuildingRobots/clients/advancedbd/code/www.advancedbd.com" value="true" />
        <entry key="$USER_HOME$/Career/RobotsBuildingRobots/clients/arthur-maxwell/code/ami-experience" value="true" />
        <entry key="$USER_HOME$/Career/RobotsBuildingRobots/clients/arthur-maxwell/code/ami-experience-branch" value="true" />
        <entry key="$USER_HOME$/Career/RobotsBuildingRobots/clients/arthur-maxwell/code/ami-experience-branch-two" value="true" />
        <entry key="$USER_HOME$/Career/RobotsBuildingRobots/code/application-factory" value="true" />
        <entry key="$USER_HOME$/Career/RobotsBuildingRobots/code/company-handbook" value="true" />
        <entry key="$USER_HOME$/Career/RobotsBuildingRobots/code/personal-branding/AboutChrisHough" value="true" />
        <entry key="$USER_HOME$/Career/RobotsBuildingRobots/code/personal-branding/LinksAboutChrisHough" value="true" />
        <entry key="$USER_HOME$/Career/RobotsBuildingRobots/code/products-and-services/TO-BE-DELETED" value="true" />
        <entry key="$USER_HOME$/Career/RobotsBuildingRobots/code/products-and-services/TO-BE-DELETED/onlyteslafans.com/handbook" value="true" />
        <entry key="$USER_HOME$/Career/RobotsBuildingRobots/code/products-and-services/onlyteslafans" value="true" />
        <entry key="$USER_HOME$/Career/RobotsBuildingRobots/code/products-and-services/onlyteslafans.com" value="true" />
        <entry key="$USER_HOME$/Career/RobotsBuildingRobots/code/products-and-services/onlyteslafans.com/backend" value="true" />
        <entry key="$USER_HOME$/Career/RobotsBuildingRobots/code/products-and-services/onlyteslafans.com/backend-old" value="true" />
        <entry key="$USER_HOME$/Career/RobotsBuildingRobots/code/products-and-services/onlyteslafans.com/handbook" value="true" />
        <entry key="$USER_HOME$/Career/RobotsBuildingRobots/code/products-and-services/robotsbuildingrobots.com" value="true" />
      </map>
    </option>
  </component>
  <component name="Trusted.Paths.Settings">
    <option name="TRUSTED_PATHS">
      <list>
        <option value="$USER_HOME$/Career/RobotsBuildingRobots/code/products-and-services" />
        <option value="$USER_HOME$/Career/RobotsBuildingRobots/clients/arthur-maxwell/code" />
        <option value="$USER_HOME$" />
      </list>
    </option>
  </component>
</application>