<application>
  <component name="UISettings">
    <option name="CLOSE_NON_MODIFIED_FILES_FIRST" value="true" />
    <option name="compactTreeIndents" value="true" />
    <option name="EDITOR_TAB_LIMIT" value="25" />
    <option name="FULL_PATHS_IN_TITLE_BAR" value="true" />
    <option name="HIDE_TABS_IF_NEED" value="false" />
    <option name="MARK_MODIFIED_TABS_WITH_ASTERISK" value="true" />
    <option name="PRESENTATION_MODE_FONT_SIZE" value="20" />
    <option name="SHOW_TOOL_WINDOW_NUMBERS" value="true" />
    <option name="UI_DENSITY" value="COMPACT" />
    <option name="WIDESCREEN_SUPPORT" value="true" />
  </component>
</application>