<application>
  <component name="DimensionService">
    <location key="find.popup.0.0.6400.3600@192dpi" x="1174" y="198" />
    <size key="find.popup.0.0.6400.3600@192dpi" width="2608" height="3402" />
    <size key="GridCell.Tab.0.left.0.0.6400.3600@192dpi" width="5328" height="1192" />
    <size key="GridCell.Tab.0.center.0.0.6400.3600@192dpi" width="5328" height="1192" />
    <size key="GridCell.Tab.0.right.0.0.6400.3600@192dpi" width="5328" height="1192" />
    <size key="GridCell.Tab.0.bottom.0.0.6400.3600@192dpi" width="5328" height="1192" />
    <size key="GridCell.Tab.1.left.0.0.6400.3600@192dpi" width="5376" height="1008" />
    <size key="GridCell.Tab.1.center.0.0.6400.3600@192dpi" width="5376" height="1008" />
    <size key="GridCell.Tab.1.right.0.0.6400.3600@192dpi" width="5376" height="1008" />
    <size key="GridCell.Tab.1.bottom.0.0.6400.3600@192dpi" width="5376" height="1008" />
  </component>
  <component name="WindowManager">
    <frame x="74" y="58" width="3020" height="1651" />
  </component>
  <component name="WindowStateApplicationService">
    <state width="574" height="99" key="ShowUsagesActions.dimensionServiceKey" timestamp="1745383479228">
      <screen x="0" y="25" width="3200" height="1775" />
    </state>
    <state width="574" height="99" key="ShowUsagesActions.dimensionServiceKey/0.25.3200.1775" timestamp="1745383479228" />
    <state x="1600" y="725" width="800" height="650" key="WELCOME_SCREEN" timestamp="1741190142156">
      <screen x="0" y="25" width="3200" height="1775" />
    </state>
    <state x="1600" y="725" width="800" height="650" key="WELCOME_SCREEN/0.25.3200.1775" timestamp="1741190142156" />
  </component>
</application>