<keymap version="1" name="macOS copy" parent="Mac OS X 10.5+">
  <action id="ActivateAIAssistantToolWindow">
    <keyboard-shortcut first-keystroke="shift meta a" />
  </action>
  <action id="CloseProject">
    <keyboard-shortcut first-keystroke="shift meta w" />
  </action>
  <action id="DatabaseView.PropertiesAction" />
  <action id="GotoAction" />
  <action id="com.codeium.intellij.command.CommandAction">
    <keyboard-shortcut first-keystroke="shift meta i" />
    <keyboard-shortcut first-keystroke="meta back_slash" />
  </action>
  <action id="org.intellij.plugins.markdown.ui.actions.styling.ToggleItalicAction" />
</keymap>