<code_scheme name="Default" version="173">
  <Markdown>
    <option name="WRAP_TEXT_IF_LONG" value="false" />
    <option name="WRAP_TEXT_INSIDE_BLOCKQUOTES" value="false" />
  </Markdown>
  <SqlCodeStyleSettings version="6">
    <option name="IMP_DECLARE_ALIGN_DEFAULT" value="true" />
  </SqlCodeStyleSettings>
  <codeStyleSettings language="Markdown">
    <option name="WRAP_ON_TYPING" value="0" />
  </codeStyleSettings>
  <codeStyleSettings language="ruby">
    <option name="ALIGN_MULTILINE_PARAMETERS" value="false" />
    <indentOptions>
      <option name="USE_RELATIVE_INDENTS" value="false" />
    </indentOptions>
  </codeStyleSettings>
</code_scheme>